{
	"format_version": "1.8.0",
	"animations": {
		"dalek.idle": {
			"loop": true,
			"animation_length": 5.66667,
			"bones": {
				"head": {
					"rotation": {
						"0.625": [0, 32.5, 0],
						"1.0": [0, 17.5, 0],
						"2.2083": [0, 17.5, 0],
						"3.2083": [0, -37.5, 0],
						"4.1667": [0, -37.5, 0],
						"5.1667": [0, 32.5, 0]
					}
				},
				"Eye": {
					"rotation": {
						"1.0833": [0, 0, 0],
						"1.1667": [-5.83, 0, 0],
						"2.3333": [-5.83, 0, 0],
						"2.4167": [-0.83, 0, 0],
						"3.7083": [0, 0, 0],
						"3.7917": [-5.83, 0, 0],
						"5.0417": [-5.83, 0, 0],
						"5.1667": [0, 0, 0]
					}
				},
				"plunger": {
					"rotation": {
						"0.7917": [0, 0, 0],
						"0.9583": [0, 2.5, 0],
						"3.2917": [0, 2.5, 0],
						"3.4583": [5, 0, 0],
						"4.875": [5, 0, 0],
						"5.0833": [0, 0, 0]
					}
				},
				"Body": {
					"rotation": {
						"0.125": [0, 10, 0],
						"0.5833": [0, -5, 0],
						"3.625": [0, -5, 0],
						"4.5417": [0, 10, 0]
					}
				},
				"gun": {
					"rotation": {
						"0.9167": [-5, 0, 0],
						"1.0833": [5.04292, -7.4713, -0.6574],
						"2.8333": [5.04292, -7.4713, -0.6574],
						"2.9583": [5.00474, 2.49048, 0.21803],
						"5.1667": [5.00474, 2.49048, 0.21803],
						"5.3333": [-5, 0, 0]
					}
				}
			}
		}
	}
}